SET SQL_MODE = "NO_AUTO_VALUE_ON_ZERO";
SET time_zone = "+00:00";


/*!40101 SET @OLD_CHARACTER_SET_CLIENT=@@CHARACTER_SET_CLIENT */;
/*!40101 SET @OLD_CHARACTER_SET_RESULTS=@@CHARACTER_SET_RESULTS */;
/*!40101 SET @OLD_COLLATION_CONNECTION=@@COLLATION_CONNECTION */;
/*!40101 SET NAMES utf8mb4 */;

--
-- Database: `goDaddy`
--

-- --------------------------------------------------------

--
-- Table structure for table `goDaddySite_record`
--

CREATE TABLE `goDaddySite_record` (
  `goDaddySiteId` int(11) DEFAULT NULL,
  `recordId` int(11) NOT NULL,
  `recordTypeId` int(11) DEFAULT NULL,
  `TTL` bigint(20) DEFAULT NULL
) ENGINE=InnoDB DEFAULT CHARSET=utf8;

--
-- Dumping data for table `goDaddySite_record`
--

INSERT INTO `goDaddySite_record` (`goDaddySiteId`, `recordId`, `recordTypeId`, `TTL`) VALUES
(300, 100, 1, 3600),
(300, 101, 2, 3600),
(302, 102, 3, 3600),
(303, 103, 1, 3600),
(303, 104, 2, 3600),
(305, 105, 3, 3600),
(306, 106, 1, 3600),
(306, 107, 2, 3600),
(308, 108, 3, 3600),
(309, 109, 1, 3600),
(309, 110, 2, 3600),
(311, 111, 3, 3600),
(312, 112, 1, 3600),
(500, 113, 2, 3600),
(501, 114, 3, 3600),
(502, 115, 1, 3600),
(503, 116, 2, 3600),
(504, 117, 3, 3600),
(505, 118, 1, 3600),
(506, 119, 1, 3600),
(507, 120, 1, 3600),
(508, 121, 1, 3600),
(509, 122, 1, 3600),
(510, 123, 1, 3600),
(511, 124, 1, 140),
(512, 125, 1, 140),
(700, 126, 1, 140),
(701, 127, 1, 140),
(702, 128, 1, 140),
(703, 129, 1, 3600),
(704, 130, 1, 3600),
(705, 131, 1, 3600),
(706, 132, 1, 3600),
(707, 133, 1, 3600),
(708, 134, 1, 3600),
(708, 135, 2, 3600),
(710, 136, 3, 3600),
(711, 137, 1, 3600),
(712, 138, 2, 3600),
(713, 139, 3, 3600),
(100, 140, 1, 3600),
(101, 141, 1, 3600),
(102, 142, 3, 3600),
(103, 143, 1, 140),
(104, 144, 1, 140),
(105, 145, 1, 140),
(106, 146, 1, 140),
(107, 147, 1, 140),
(108, 148, 1, 3600),
(109, 149, 1, 3600);

-- --------------------------------------------------------

--
-- Table structure for table `recordType_info`
--

CREATE TABLE `recordType_info` (
  `recordTypeId` int(11) NOT NULL,
  `recordType` varchar(20) DEFAULT NULL
) ENGINE=InnoDB DEFAULT CHARSET=utf8;

--
-- Dumping data for table `recordType_info`
--

INSERT INTO `recordType_info` (`recordTypeId`, `recordType`) VALUES
(1, 'A'),
(2, 'AAAA'),
(3, 'CNAME'),
(4, 'MX'),
(5, 'INFO');

-- --------------------------------------------------------

--
-- Table structure for table `record_value`
--

CREATE TABLE `record_value` (
  `recordId` int(11) NOT NULL,
  `recordValue` varchar(20) NOT NULL
) ENGINE=InnoDB DEFAULT CHARSET=utf8;

--
-- Dumping data for table `record_value`
--

INSERT INTO `record_value` (`recordId`, `recordValue`) VALUES
(100, '5.196.72.98'),
(101, 'd4d8:9015:9d88:bab4:'),
(102, 'zyznowski.pl'),
(103, '5.11.72.52'),
(104, 'e682:d83f:3b1a:a0b5:'),
(105, 'guardiancaps.com'),
(106, '5.16.72.52'),
(107, '394d:6433:c8be:4d61:'),
(108, 'pbxi.net'),
(109, '5.196.72.23'),
(110, 'f1b0:2123:c6e8:c463:'),
(111, 'pbxi.net'),
(112, '172.25.15.205'),
(113, 'dc73:b963:6bb5:a34b:'),
(114, 'vusadbe.by'),
(115, '5.196.73.52'),
(116, '9e05:b403:79de:f08e:'),
(117, 'niceinternetmoney.ru'),
(118, '92.222.250.81'),
(119, '93.115.80.113'),
(120, '43.241.134.205'),
(121, '43.241.134.205'),
(122, '43.241.134.205'),
(123, '45.63.123.92'),
(124, '43.241.134.2'),
(125, '43.241.134.73'),
(126, '43.241.134.130'),
(127, '43.241.134.205'),
(128, '43.241.134.131'),
(129, '43.241.134.84'),
(130, '43.241.134.205'),
(131, '43.241.134.25'),
(132, '43.241.134.130'),
(133, '43.241.134.205'),
(134, '43.241.134.25'),
(135, 'e1a4:f75:b79a:7535:8'),
(136, 'pces.in'),
(137, '5.196.72.53'),
(138, 'c254:2463:a17d:96c:5'),
(139, 'thefavorite.fr'),
(140, '43.241.134.30'),
(141, '5.196.72.52'),
(142, 'warvar.ru'),
(143, '193.192.58.216'),
(144, '193.192.59.162'),
(145, '37.59.43.196'),
(146, '193.192.59.222'),
(147, '37.59.43.196'),
(148, '223.224.140.243'),
(149, '111.119.229.62');

-- --------------------------------------------------------

--
-- Table structure for table `site`
--

CREATE TABLE `site` (
  `siteId` int(11) NOT NULL,
  `domainName` varchar(20) DEFAULT NULL
) ENGINE=InnoDB DEFAULT CHARSET=utf8;

--
-- Dumping data for table `site`
--

INSERT INTO `site` (`siteId`, `domainName`) VALUES
(1, 'webmagnat.ro'),
(2, 'nickelfreesolutions.'),
(3, 'scheepvaarttelefoong'),
(4, 'tursan.net'),
(5, 'plannersanonymous.co'),
(6, 'doing.fr'),
(7, 'saltstack.com'),
(8, 'deconsquad.com'),
(9, 'migom.com'),
(10, 'tjprc.org'),
(11, 'worklife.dk'),
(12, 'inno-make.com'),
(13, 'food-hub.org'),
(14, 'bikemastertool.com'),
(15, 'betenbewegen.de'),
(16, 'vk.me'),
(17, 'twotigersports.com'),
(18, '517mrt.com'),
(19, 'siel.nl'),
(20, 'e-hps.com'),
(21, 'infowheel.com'),
(22, 'synirc.net'),
(23, 'abuliyan.com'),
(24, 'easy-ways.com'),
(25, 'stark.dk'),
(26, 'funwirks.com'),
(27, 'eurocqs.net'),
(28, '202yx.com'),
(29, 'nikko-sake.com'),
(30, 'xnet.lv'),
(31, 'visionpharma.com'),
(32, 'trade-india.com'),
(33, 't-bird.edu'),
(34, 'siebel-crm.net'),
(35, 'adriaticapress.it'),
(36, '41789.com'),
(37, 'autofirenze.biz'),
(38, 'minniowa.com'),
(39, 'sweetteaproper.com'),
(40, 'recruit-dc.co.jp'),
(41, 'competitivecameras.c'),
(42, 'zoncinta.com'),
(43, 'vadim-prostakov.ru'),
(44, 'vk.me'),
(45, 'securitasweb.it'),
(46, 'mandarinclass.my'),
(47, 'pbxi.net'),
(48, 'zyznowski.pl'),
(49, 'meodia.com'),
(50, 'niceinternetmoney.ru'),
(51, 'guardiancaps.com'),
(52, 'bbccable.net'),
(53, 'ams-luenen.de'),
(54, 'ihalehaberbulteni.co'),
(55, 'salvia-community.net'),
(56, 'superpowerfruits.com'),
(57, 'bereyellingergl.com'),
(58, 'downloadfreetvseries'),
(59, 'iqshop.ro'),
(60, 'urbancliq.com'),
(61, 'rocket-media.net'),
(62, 'uskudarhaliyikama.or'),
(63, 'ftbp.ro'),
(64, 'savedeo.com'),
(65, 'nanabit.net'),
(66, 'memewood.com'),
(67, 'divorcereform.us'),
(68, 'solarincomefund.com'),
(69, 'novofri.com'),
(70, '8852088.com'),
(71, 'admil.ru'),
(72, 'rafonline.org'),
(73, 'bois-francs.com'),
(74, 'pieceinch.com'),
(75, 'tel.com'),
(76, 'teenpregnancysc.org'),
(77, 'wisdomforhealth.net'),
(78, 'powgnar.com'),
(79, 'screenmediamag.com'),
(80, 'pricerabbit.com'),
(81, 'archive-host.fr'),
(82, 'hotimpit.ru'),
(83, 'detskie-krovatki.by'),
(84, '3sitracking.com'),
(85, 'hellfiremods.co.uk'),
(86, 'eslyoga.com'),
(87, 'buyphen375cheap.com'),
(88, 'kilgour.com'),
(89, 'vk.me'),
(90, 'hualienhouse.com'),
(91, 'tour-box.ru'),
(92, 'servizioallerta.it'),
(93, 'denyojp.com'),
(94, '2912muranoway.info'),
(95, 'centralepiecesauto.c'),
(96, 'bluedynamics.com'),
(97, 'xjs123.com'),
(98, 'veryicon.com'),
(99, 'emrekoldas.com'),
(100, 'adc-inspect.com'),
(101, 'vusadbe.by'),
(102, 'morban.co.uk'),
(103, 'hainanair.us'),
(104, 'vk.me'),
(105, 'metar.gr'),
(106, 'reviewsearchfree.com'),
(107, 'treasureislandbar.co'),
(108, 'mobilier-bebe.com'),
(109, 'bvillaseminyak.com'),
(110, 'sponsoredhomepage.co'),
(111, 'santifortwo.com'),
(112, 'pcrecruiter.net'),
(113, 'bcdtofu.com'),
(114, 'thefavorite.fr'),
(115, 'aneventapart.com'),
(116, 'pces.in'),
(117, 'alamelphan.com'),
(118, 'hotel63.com'),
(119, 'kitubi.com'),
(120, 'zenrog.com'),
(121, 'kinderroller.org'),
(122, 'naverisk.com'),
(123, 'teme.us'),
(124, 'tlinkbroadband.com'),
(125, 'de.vc'),
(126, 'rivnetwork.com'),
(127, 'bufobufo.eu'),
(128, 'friatider.se'),
(129, 'mannllc.com'),
(130, 'rideukbmx.com'),
(131, 'agnx.com'),
(132, 'stackablehost.com'),
(133, 'muzed.co.uk'),
(134, 'up247.me'),
(135, 'vk.com'),
(136, 'urt.is'),
(137, 'notabilus.com'),
(138, 'jordansun.com'),
(139, 'frosta.hu'),
(140, 'lacuisinedegandi.net'),
(141, 'baolongphoto.com'),
(142, 'sheispriceless.com'),
(143, 'retail.ua'),
(144, 'pattaya-bargirl-inve'),
(145, 'teksyndicate.com'),
(146, 'd-strage.jp'),
(147, 'akselparis.com'),
(148, 'lilylolo.co.uk'),
(149, 'mockquestions.com'),
(150, 'rocketdownload.com'),
(151, 'shopkeepapp.com'),
(152, 'postageapp.com'),
(153, 'mkhoj.com'),
(154, 'ingwer-gesundheit.de'),
(155, 'velvetblues.com'),
(156, 'deltacountytx.com'),
(157, 'idenyt.dk'),
(158, 'searchforrecipes.inf'),
(159, 'simf-net.ru'),
(160, 'fraserwebdesign.co.u'),
(161, 'runboard.com'),
(162, 'worldoutofbalance.or'),
(163, 'amrefgermany.de'),
(164, 'ricochettrendz.com'),
(165, 'logicspot.net'),
(166, 'johnbarritt.com'),
(167, 'westfest.co.nz'),
(168, 'x-muehle.de'),
(169, 'vk.me'),
(170, 'ford-2sale.com'),
(171, 'kinoman.tv'),
(172, 'akorda.kz'),
(173, 'terrania.ru'),
(174, 'selmanpeskir.com'),
(175, 'waydesgin.com'),
(176, 'jcdrepair.com'),
(177, 'omegamepis.com'),
(178, 'answersforapple.com'),
(179, 'videofeet.com'),
(180, 'luxeweddingdesign.co'),
(181, 'thepropertyvault.co.'),
(182, 'managedemail.com'),
(183, 'hrhairextensions.com'),
(184, 'triecienspeks.lv'),
(185, 'photoshooting-art.co'),
(186, 'dns-roots.net'),
(187, 'statice.is'),
(188, 'sygeforsikring.dk'),
(189, 'pleg.ma'),
(190, 'memecorner.com'),
(191, 'wimmercycle.com'),
(192, 'sugoikr.com'),
(193, 'hennensobserver.com'),
(194, 'phim8.vn'),
(195, 'kaoxve.com'),
(196, 'mastitorrents.com'),
(197, 'choople.com'),
(198, 'all-nude-celebs.us'),
(199, 'techpowertw.com'),
(200, 'gwynnemeeks.com'),
(201, 'eissmann.com'),
(202, 'foxydeal.in'),
(203, 'bigglook.com'),
(204, 'camdough.com'),
(205, 'blazingcore.com'),
(206, 'vn-logistics.nl'),
(207, 'hacogata.com'),
(208, 'inspiradigital.co.uk'),
(209, 'ce-richtlinien.eu'),
(210, 'djbarryblends.com'),
(211, 'untitledradio.com'),
(212, 'chinahomegift.com'),
(213, 'zgdaliw.com'),
(214, 'qfpay.com'),
(215, '84tao.com'),
(216, 'farat.ru'),
(217, 'sootooo.com'),
(218, 'vk.me'),
(219, 'trianglemoon.com'),
(220, 'golf-absolute.de'),
(221, 'grtplains.com'),
(222, 'windmillchiropractic'),
(223, 'thegrillbbqstore.com'),
(224, 'veronline.li'),
(225, 'giga-cv.com'),
(226, 'xaman.com'),
(227, 'maurerundpartner.com'),
(228, 'opf-labs.org'),
(229, 'plinks.jp'),
(230, 'lithiaelectrolysis.c'),
(231, 'kentuckysportsradio.'),
(232, 'welding.su'),
(233, 'design-pilot.com'),
(234, 'wcsr.com'),
(235, 'telemagazyn.pl'),
(236, 'coldclimategardening'),
(237, 'dallenhomeschoolrevi'),
(238, 'guidgen.com'),
(239, 'cafe-campus.ru'),
(240, 'helander.co.uk'),
(241, 'odwyk.com'),
(242, 'toppsfootball.co.uk'),
(243, 'morgane-le-fay.de'),
(244, 'khamphamientrung.com'),
(245, 'tas-t.com'),
(246, 'comeser.it'),
(247, 'spvgg-haddamshausen.'),
(248, 'winkhaus.com'),
(249, 'netbridge.ro'),
(250, 'frenzyestate.com'),
(251, 'comprabolsos.com'),
(252, 'medicclub.ru'),
(253, 'akfarsam.ac.id'),
(254, 'vk.me'),
(255, 'rw-kupplungen.de'),
(256, 'archers-contois.fr'),
(257, 'dyndns.tv'),
(258, 'visits.lt'),
(259, 'us.tf'),
(260, 'wholesalejerseyssale'),
(261, 'supertabak.ru'),
(262, 'vk.me'),
(263, 'maketechpr.com'),
(264, 'registratuperro.com'),
(265, 'z9project.com'),
(266, 'menkousou.com'),
(267, 'futchfactor.com'),
(268, 'sauipe.vc'),
(269, 'peregrineadventures.'),
(270, 'daegusoft.com'),
(271, 'rvillageman.com'),
(272, 'ocs1.org'),
(273, 'valleyfireworks.net'),
(274, 'vk.me'),
(275, 'jw.org'),
(276, 'mcafeefamilyprotecti'),
(277, 'leblogexpectra.fr'),
(278, 'schreibwirkstatt.de'),
(279, 'doommovie.com'),
(280, '1600x1200.net'),
(281, 'xn--verstt-eua3l.inf'),
(282, 'wallofsoundstudios.c'),
(283, 'leernetwerkeducatie.'),
(284, 'frommyheartproductio'),
(285, 'pokupaisumom.ee'),
(286, 'stiahnut.sk'),
(287, 'fusionedgephotograph'),
(288, 'forum-wf.de'),
(289, 'webmusic.asia'),
(290, 'cic-tripleadvantage-'),
(291, 'deeperfaith.org'),
(292, 'geneeskundeboek.nl'),
(293, 'andrewraposo.com'),
(294, 'poolrepairaustin.com'),
(295, 'ayto-oviedo.es'),
(296, 'arianapassion.com'),
(297, 'mpa-ppm.org'),
(298, 'regus.it'),
(299, 'myboardcast.com'),
(300, 'amanto.be'),
(301, 'srsportal.com'),
(302, 'staffingcalendar.com'),
(303, 'haikoheinz.de'),
(304, 'bestelectriclawnmowe'),
(305, 'ruitx.cn'),
(306, 'jbbr.net'),
(307, 'afresnohomeinspector'),
(308, 'bathroomgurureview.m'),
(309, 'barcanovainfantiliju'),
(310, 'matandme.com'),
(311, 'myra.com'),
(312, 'search225.com'),
(313, 'egyptopia.com'),
(314, 'englishwordsexplaine'),
(315, 'spinetrac.com'),
(316, 'tchl.us'),
(317, 'az.gov'),
(318, 'gaybodyblog.com'),
(319, 'mailkenti.net'),
(320, 'alldisneycartoons.co'),
(321, 'globaldir.org'),
(322, 'van-photo.com'),
(323, 'alcostop.org'),
(324, 'kurkiewicz-family.co'),
(325, 'bookmarkingpages.com'),
(326, 'newyork.com'),
(327, 'karrdoctor.biz'),
(328, 'herrajesarena.com'),
(329, 'afisha64.ru'),
(330, 'patsem2013.org'),
(331, 'bikersworld-rathenow'),
(332, 'openstreetmap.fr'),
(333, 'jriver.com'),
(334, 'umka.com'),
(335, 'shipbroker.no'),
(336, 'tradefair.com'),
(337, 'tenkarausa.com'),
(338, 'wincrm.net'),
(339, 'usenettools.net'),
(340, 'crsgfk.de'),
(341, 'ellowcn.com'),
(342, 'imperialantiques.com'),
(343, 'moph.go.th'),
(344, 'sharedpregnancy.org'),
(345, 'youtubeinmp3.com'),
(346, 'haoyisheng.com'),
(347, 'silkroadtours.com'),
(348, 'glsbc.com'),
(349, 'downsyndromeiscool.c'),
(350, 'tomsgames.it'),
(351, 'mysearch-online.com'),
(352, 'studiototal.se'),
(353, 'glas-forschung.info'),
(354, 'intuitionstraining.o'),
(355, 'stedelijkgymnasiumha'),
(356, 'thecroydoncitizen.co'),
(357, 'oddstowinworldseries'),
(358, 'vivesoy.com'),
(359, 'gt.com'),
(360, 'ehgou.com'),
(361, 'labelproducts.com'),
(362, 'moln.is'),
(363, 'mcdonaldsleon.com'),
(364, 'ashishlunawat.com'),
(365, 'vnsofts.com'),
(366, 'idospower.cz'),
(367, 'mmblog.tw'),
(368, 'glob-marks.com'),
(369, 'sceper.ws'),
(370, 'thurlownunn.co.uk'),
(371, 'moriyama.com'),
(372, 'thompsonnutritionals'),
(373, 'wandern-trekking-spa'),
(374, 'jamaica-star.com'),
(375, 'paradiselandingwi.co'),
(376, 'lovetoloves.com'),
(377, 'cddwyy.com'),
(378, 'hapt01.cn'),
(379, 'duartelawfirm.com'),
(380, 'moskvin.ca'),
(381, 'idc029.com'),
(382, 'ronincast.com'),
(383, 'sonnydickson.com'),
(384, 'brightsign.com'),
(385, 'schaer-info.de'),
(386, 'congtynhunghuou.com'),
(387, 'inpromocenter.com'),
(388, 'theperfectoutfit.net'),
(389, 'cenblog.org'),
(390, 'emesce.com'),
(391, 'mrirad.com'),
(392, 'acswebdevelopment.co'),
(393, 'aze.bz'),
(394, 'elevenparis.com'),
(395, 'stylesitte.com'),
(396, 'kathihill.com'),
(397, 'dmxis.com'),
(398, 'astrology-readings.c'),
(399, 'mujerlunabella.org'),
(400, 'kcoolonline.com'),
(401, 'drifty.com'),
(402, 'ducaticlub.vn'),
(403, 'webwaterland.nl'),
(404, 'vk.me'),
(405, 'starepolesie.pl'),
(406, 'apamanshop-aichi.com'),
(407, 'vk.me'),
(408, 'ibermatica.com'),
(409, 'sexhealthexpert.com'),
(410, 'thevisualecho.com'),
(411, 'afy.ru'),
(412, 'aaronwhitaker.com'),
(413, 'mybaby2017.ru'),
(414, 'igrfan.ru'),
(415, 'sjwmcs.kr'),
(416, 'gigposters.com'),
(417, 'firmanetworks.com'),
(418, 'winefestivalatthepla'),
(419, 'highfielddental.co.u'),
(420, 'babyweb.sk'),
(421, 'socialtechnologydesi'),
(422, 'care4horses.net'),
(423, 'mobi03.ru'),
(424, 'dsl.sk'),
(425, 'expd8.com'),
(426, 'phpmagazin.de'),
(427, 'birthdaycardsayings.'),
(428, 'rpy-italia.org'),
(429, 'portablefirepitx.com'),
(430, 'cookrepublic.com'),
(431, 'fashionista514.com'),
(432, 'bakaon.com'),
(433, 'nekostudio.net'),
(434, 'navtechradar.com'),
(435, 'losefatpronto.com'),
(436, 'sustainabletriangle.'),
(437, 'bs-holzgigant.de'),
(438, 'todaysgeneralcounsel'),
(439, 'acitydumpsters.com'),
(440, 'vk.me'),
(441, 'runyusha.ru'),
(442, 'p2a.pl'),
(443, 'bostondesis.com'),
(444, 'kujian.com'),
(445, 'garnier.ca'),
(446, 'tafreevar.com'),
(447, 'chouf-chouf.com'),
(448, 'nestormedia.com'),
(449, 'irobot.com'),
(450, 'greatmillstone.info'),
(451, 'ch-go.ch'),
(452, 'friendfinderinc.com'),
(453, 'nigerianbulletin.com'),
(454, 'taleera.com'),
(455, 'e-taneya.com'),
(456, 'dpointsrvcs.com'),
(457, 'razorbackironwork.co'),
(458, 'legalis.net'),
(459, 'worldtunez.com'),
(460, 'admbel.ru'),
(461, 'biotechinfo.in'),
(462, 'taroscopes.com'),
(463, 'lcui.org'),
(464, 'eradek.ru'),
(465, 'scgolfpanel.org'),
(466, 'closethebase.org'),
(467, 'servnettech.com'),
(468, 'hourlyfreesex.com'),
(469, 'ybgli.org'),
(470, 'naomix.com'),
(471, 'projecocontracting.c'),
(472, 'camcard.com'),
(473, 'dpatrickporsche.com'),
(474, 'genderoffenders.com'),
(475, 'gardeninginflorida.c'),
(476, 'infografeno.com'),
(477, 'esporta.nl'),
(478, 'digimail.se'),
(479, 'mwcloudplatform.com'),
(480, 'energymedicine.org'),
(481, 'ubllcdhn.com'),
(482, 'yenta4.com'),
(483, 'frankrust.com'),
(484, 'kylemedia.com'),
(485, 'la-phoceenne.com'),
(486, 'uc.cl'),
(487, 'smartstorexperience.'),
(488, 'amedeos.net'),
(489, 'car-crm.net'),
(490, 'centromiami.com'),
(491, 'exoupdates.com'),
(492, 'moneyam.com'),
(493, 'swoo.co.uk'),
(494, 'oz4abh.dk'),
(495, 'mbohal.cz'),
(496, 'easypage.fi'),
(497, 'smoro.fr'),
(498, 'jennifermay.com'),
(499, 'owlcreek.com'),
(500, 'playmileycyrusgames.'),
(501, 'syasyou.com'),
(502, 'chimeraenterprisellc'),
(503, 'ncesc1.com'),
(504, 'sailor.pl'),
(505, 'spectrumgp.com'),
(506, 'thepinotproject.com'),
(507, 'akrockefeller.com'),
(508, 'supreetsethi.net'),
(509, 'winneralex.ru'),
(510, 'nechakohca.ca'),
(511, 'awacademy.org'),
(512, 'urazova.ru'),
(513, 'mosquitoblocker.com'),
(514, 'powerdnn.co.uk'),
(515, 'realestateownedsolut'),
(516, 'westchesteracupunctu'),
(517, 'public-trust.com'),
(518, 'gic.pt'),
(519, 'ciaoseminars.com'),
(520, 'mercyimaging.org'),
(521, 'advis.pl'),
(522, 'themarcellusshale.co'),
(523, 'vladmama.ru'),
(524, 'louisvuittoncareers.'),
(525, 'lustygrannies.org'),
(526, 'vini-divini.be'),
(527, 'viverelivata.com'),
(528, 'artemedya.net'),
(529, 'huatki.com'),
(530, 'kuzovnoy.ru'),
(531, 'komsil.com'),
(532, 'discovercheapstuff.c'),
(533, 'groundriddim.com'),
(534, 'exquisitestairs.com'),
(535, 'a-mail.nl'),
(536, 'willsoft.fi'),
(537, 'photo-videoforum.com'),
(538, 'momonduty.com'),
(539, 'epo.nl'),
(540, 'waimailuntan.com'),
(541, 'e-xpress.net'),
(542, 'naturestonehomes.com'),
(543, 'refog.net'),
(544, 'weblancer.net'),
(545, 'kodanshacomics.com'),
(546, 'hydrant.co.uk'),
(547, 'el.nl'),
(548, 'logderma.ru'),
(549, 'digitalhart.com'),
(550, 'imitationbamboo.net'),
(551, 'soulbrasil.com'),
(552, 'crescentstables.com'),
(553, 'dogcatkorm.ru'),
(554, 'betavak.nl'),
(555, 'paddock-review.com'),
(556, 'philnews.com'),
(557, 'styleblazer.com'),
(558, 'pbase.com'),
(559, 'smxsports.se'),
(560, 'susieanderson.com'),
(561, 'docthan.com'),
(562, 'thelittlegive.ca'),
(563, 'cxtg.net'),
(564, 'supportthevets.org'),
(565, 'cartagraf.com'),
(566, 'nicaa.org'),
(567, 'caworks-sl.de'),
(568, 'midgard-pictures.ch'),
(569, 'powernotebooks.com'),
(570, 'vk.me'),
(571, 'gamblespot.ru'),
(572, 'retrovisionmedia.com'),
(573, 'hermansingers.nl'),
(574, '247floodresponse.com'),
(575, 'edisonenergia.it'),
(576, 'housingscotlandtoday'),
(577, 'helenecastelli.com'),
(578, 'noveroma.com'),
(579, 'urivalet.com'),
(580, 'paheal.net'),
(581, 'otohakan.com'),
(582, 'guardiancremation.co'),
(583, 'insidebusinesstravel'),
(584, 'qq.com'),
(585, 'art-kon-tor.de'),
(586, 'mserve.com'),
(587, 'yourpowerdrills.com'),
(588, 'thehostfan.com'),
(589, 'mkbkantoorartikelen.'),
(590, 'misssocialbabe.com'),
(591, 'drtaffi.com'),
(592, 'kenils.co.in'),
(593, 'jbei.org'),
(594, 'pearl-institute.co.j'),
(595, 'evertidegames.com'),
(596, 'lemmecheck.info'),
(597, 'scriptolution.com'),
(598, 'uon.it'),
(599, 'truball.com'),
(600, 'monumen.pl'),
(601, 'worldweapon.info'),
(602, 'uigc.net'),
(603, 'fonua.com'),
(604, 'thecancerzone.net'),
(605, 'tamquoctutien.com'),
(606, 'bentowich.com'),
(607, 'sariikankutuk.com'),
(608, 'music-courses.com'),
(609, 'downwithbloatware.co'),
(610, 'xqgcab.com'),
(611, 'buypasta.net'),
(612, 'zugullotto.com'),
(613, 'iag-inc.com'),
(614, 'orenboxing.org'),
(615, 'healingprovision.com'),
(616, 'vestonhaiphong.com'),
(617, 'accordiagolf.com'),
(618, 'verlockeshop.de'),
(619, 'd2job.com'),
(620, 'corinneduyvis.com'),
(621, 'publidesign.be'),
(622, 'ponroy.com'),
(623, 'lsycz.net'),
(624, 'lgmonitorreview.nl'),
(625, 'conegliano.tv.it'),
(626, 'wigh.net'),
(627, 'webberdigits.com'),
(628, 'jillainecarlin.com'),
(629, 'szpabj.com'),
(630, 'service-sncf.com'),
(631, 'greystonemoore.co.uk'),
(632, '138mr.com'),
(633, 'curiousmarketeer.com'),
(634, 'bassmatters.nl'),
(635, 'datamatix.co.uk'),
(636, 'vk.me'),
(637, 'qalebfa.ir'),
(638, 'gymboree.com'),
(639, 'carolgraykennedy.com'),
(640, 'forfun.us'),
(641, 'gateable.com'),
(642, 'konya.co.jp'),
(643, 'citistreetonline.com'),
(644, 'funeralscriptphp.com'),
(645, 'goesuperled.com'),
(646, 'meredithnovario.com'),
(647, '1200.kg'),
(648, 'aacs.net'),
(649, 'pawsgalorepetsitters'),
(650, 'italiansuitsformen.n'),
(651, 'profil.hr'),
(652, 'ekoulotki.pl'),
(653, 'peek-cloppenburg.be'),
(654, 'door2games.com'),
(655, 'vk.me'),
(656, 'ks-auxilia.de'),
(657, 'jewishfoodtogo.com'),
(658, 'funecole.com'),
(659, 'vk.me'),
(660, 'stersong44.in'),
(661, 'stratasys.com'),
(662, 'pwt5.com'),
(663, 'jyskweb.dk'),
(664, 'priozerskfm.ru'),
(665, 'delhitourism.com'),
(666, 'spareparttoyotaonlin'),
(667, 'flashbay.de'),
(668, 'ruspo.ru'),
(669, 'squarespace.com'),
(670, 'huynhduc.net'),
(671, 'iberianhorsemarket.c'),
(672, 'engagedcrm.co.uk'),
(673, 'kitepackaging.co.uk'),
(674, 'my-mps.com'),
(675, 'extremevision.com'),
(676, 'allfon.com'),
(677, 'citymapper.com'),
(678, 'eqdc.nl'),
(679, 'fjordnorway.com'),
(680, 'dbg.co.za'),
(681, 'paris-photo.ru'),
(682, 'xspgulf.net'),
(683, 'foreveramber.co.uk'),
(684, 'acadianseaplanes.com'),
(685, 'pohistvo-mobile.si'),
(686, 'piedivelati.com'),
(687, 'pagely.com'),
(688, 'egyptiansociety.net'),
(689, 'parulassociates.com'),
(690, 'tmatesoft.com'),
(691, 'themackfamily.co.uk'),
(692, 'koszulka.tv'),
(693, 'mp3an.biz'),
(694, 'ghanja.be'),
(695, 'lisabyington.com'),
(696, 'marciglass.com'),
(697, 'mssm.edu'),
(698, 'teenbabesinsocks.com'),
(699, 'forexcafe.com'),
(700, 'galucho.pt'),
(701, 'zak-clan.com'),
(702, 'bsc-building-supplie'),
(703, 'bomcheck.net'),
(704, 'warvar.ru'),
(705, 'actionfenceco.com'),
(706, 'airagestore.com'),
(707, 'godoroso-zenkokukyou'),
(708, 'telefonszamkereses.h'),
(709, 'compassionatepractic'),
(710, 'davids-garden-seeds-'),
(711, 'iom.no'),
(712, 'marketsnavigator.com'),
(713, 'franceguide.com'),
(714, 'mosesys.com'),
(715, 'kitag.com'),
(716, 'flekspak.com'),
(717, 'justdownforme.com'),
(718, 'traditioninaction.or'),
(719, 'russkie-palaty.ru'),
(720, 'zappcart.com'),
(721, 'federazionepagana.it'),
(722, 'oxbowestate.co.za'),
(723, 'stansteadstonecircle'),
(724, 'surechef.com'),
(725, 'michiphotostory.com'),
(726, 'secuteach.de'),
(727, 'keaiq.com'),
(728, 'zbsd.cn'),
(729, 'momtubetv.com'),
(730, 'estetdoctor.com'),
(731, 'giantpeachtest.com'),
(732, 'staithe.net'),
(733, 'intelnett.com'),
(734, 'stardem.com'),
(735, 'fitmole.org'),
(736, 'v2v.cc'),
(737, 'cyberbude.de'),
(738, 'citapreviainem.es'),
(739, 'jp.org'),
(740, 'junpinzhi.cn'),
(741, 'chillindia.com'),
(742, 'byroommate.com'),
(743, 'aquil.ca'),
(744, 'boschlawnmowers.com'),
(745, '114school.cn'),
(746, 'dampack.nl'),
(747, 'petrovichmedia.ru'),
(748, 'eco-mylife.com'),
(749, 'formular.ru'),
(750, 'betbetcom.com'),
(751, 'very-pc.co.uk'),
(752, 'dominosugar.com'),
(753, 'fk.ro'),
(754, 'santinopizza.co.uk'),
(755, 'ardasenov.ru'),
(756, 'linuxtutorial.info'),
(757, 'permaculture.coop'),
(758, 'burpboutique.com'),
(759, 'ep-coatings.co.uk'),
(760, 'hcbd.biz'),
(761, 'rondjesauna.info'),
(762, 'happinessthisway.com'),
(763, 'delta3d.org'),
(764, 'search-homes.org'),
(765, 'nissanrancagua.com'),
(766, 'compartstudio.com'),
(767, 'cn.com'),
(768, 'romboutskorea.co.kr'),
(769, 'careerbuilder.eu'),
(770, 'artinzert.cz'),
(771, 'zag.si'),
(772, 'merck.de'),
(773, 'whatkatewore.com'),
(774, 'ntyfranchise.com'),
(775, 'madisoncountyky.us'),
(776, 'florian-pennec.net'),
(777, 'motleycoder.com'),
(778, 'sitecore.net'),
(779, 'formless.info'),
(780, 'best4u.ir'),
(781, 'farraway.co.za'),
(782, 'cnczone.nl'),
(783, 'bargainjoy.com'),
(784, 'globalmarketinggroup'),
(785, 'logicalshop.com'),
(786, 'your-home-design.com'),
(787, 'spellekijn.nl'),
(788, 'sydneycomputershops.'),
(789, 'childrenandtoddlers.'),
(790, 'cool-backgrounds.org'),
(791, 'wsulaw.com'),
(792, 'themrsbox.com'),
(793, 'cancelpage.com'),
(794, 'happyturtle.ca'),
(795, 'softactivity.com'),
(796, 'gxjbsj.com'),
(797, 'srpa.org'),
(798, 'wkf.fr'),
(799, 'sbimo.com'),
(800, 'nordjyskelejligheder'),
(801, 'onlineuniversity.net'),
(802, 'atotech.com'),
(803, 'gamepreschooler.com'),
(804, 'abix.fr'),
(805, 'rhsport.pl'),
(806, 'cogizz.com'),
(807, 'zeninformatica.com'),
(808, 'cipafilter.com'),
(809, 'g32.nl'),
(810, 'za.net'),
(811, 'karmanebula.com'),
(812, 'bonusnopurchaserequi'),
(813, 'keycast.com'),
(814, 'go2bot.com'),
(815, 'webair.com'),
(816, 'snapfish.fr'),
(817, 'smsagencies.co.uk'),
(818, 'appendad.com'),
(819, 'pcomoney.com'),
(820, 'churchgrowth.org'),
(821, 'anadoluyakasikuryesi'),
(822, 'calmcdn.com'),
(823, 'agrogepaciok.it'),
(824, 'todoofeminin.com'),
(825, 'lettredesreseaux.com'),
(826, 'bestteensex.net'),
(827, 'mocean.com'),
(828, 'youload.com'),
(829, 'quickdollaracademy.c'),
(830, 'pandorajewelleryoutl'),
(831, '160tracker.com'),
(832, 'deurdrangers-shop.nl'),
(833, 'tcdn.ru'),
(834, 'severnaparkaspire.co'),
(835, 'meleahhall.com'),
(836, 'powermax-motorsport.'),
(837, 'longfeel.com'),
(838, 'american.com'),
(839, 'ogretmenim.biz'),
(840, 'ifeng.fm'),
(841, 'highereducationartic'),
(842, 'seyiyi.com'),
(843, 'person-centred-couns'),
(844, 'fatstrawberry.com'),
(845, 'protechblog.com'),
(846, 'modenaradiocity.it'),
(847, 'z51.biz'),
(848, 'yakutia.info'),
(849, 'vk.me'),
(850, 'baskid.co.uk'),
(851, 'okfree.net'),
(852, 'genderqueerid.com'),
(853, 'hercuton.nl'),
(854, 'thespafitnesscenter.'),
(855, 'juliabloggers.com'),
(856, 'awlawyers.com'),
(857, 'stmargaretbbay.com'),
(858, 'candlelightcottages.'),
(859, 'abctvlive.com'),
(860, 'muabancaooc.net'),
(861, 'dtlsitead.com'),
(862, 'aster.it'),
(863, 'georgesmion.com'),
(864, 'lowcostpower.com'),
(865, 'prisonnotebooks.com'),
(866, 'johnsaey.be'),
(867, 'vzkj.net'),
(868, 'pompalisap.com'),
(869, 'kartalkule.com'),
(870, 'countingpips.com'),
(871, 'fleurmusic.com'),
(872, 'vipbrands.com'),
(873, 'eaglefam.us'),
(874, 'adoos.com'),
(875, 'toughcountry.net'),
(876, 'cinnabar.cc'),
(877, 'naturalna-medicina.s'),
(878, 'linksplash.info'),
(879, 'ttspro.com'),
(880, 'rousing.dk'),
(881, 'qkmedica.com'),
(882, 'freeconferencecallhd'),
(883, 'abahe.co.uk'),
(884, 'monitis.com'),
(885, 'chuyenchame.com'),
(886, 'fishingarticle.com'),
(887, 'arpnamehtaphotograph'),
(888, 'conocophillips.com'),
(889, 'dakotaeye.com'),
(890, 'intelligentadoption.'),
(891, '51wasai.com'),
(892, 'camdencentreport.com'),
(893, 'isoc.si'),
(894, 'lordswitness.com'),
(895, 'sandiegocubicles.com'),
(896, 'lifecharlotte.com'),
(897, 'bethappleton.com'),
(898, '39bencao.com'),
(899, 'pandapow.us'),
(900, 'dilw.ie'),
(901, 'spst.edu'),
(902, 'meshmixer.com'),
(903, 'exceedingexpectation'),
(904, 'hdcore.eu'),
(905, '4teens-serial.cz'),
(906, 'khaokhotalamok.com'),
(907, 'leylandsdm.co.uk'),
(908, 'nicenews.co.kr'),
(909, 'donberg.co.uk'),
(910, 'queenslandimages.com'),
(911, 'ecole-movie.jp'),
(912, 'topcities.com'),
(913, 'howardlindzon.com'),
(914, 'millionfareast.com'),
(915, 'shhzhiyektv.com'),
(916, 'professionalmuscle.c'),
(917, 'talkrocktome.com'),
(918, 'prestigioplaza.com'),
(919, 'platum.kr'),
(920, 'portalpublicitario.c'),
(921, 'hdcric.com'),
(922, 'whatismyip.com'),
(923, 'imb-jena.de'),
(924, 'scientificdrilling.c'),
(925, 'topwallpaperpictures'),
(926, 'ikea.gr'),
(927, 'biocell.ie'),
(928, 'lesmargouillats.com'),
(929, 'periodicoguama.org'),
(930, 'musicindiaonline.com'),
(931, 'indicitalia.com'),
(932, 'hotelmangalampalace.'),
(933, 'one3ofidahorealestat'),
(934, 'ourpictures.com'),
(935, 'dynsite.net'),
(936, 'sonami.co.jp'),
(937, 'laconic-records.de'),
(938, 'vacationsdirect.com'),
(939, 'eu.pn'),
(940, 'sangmaestro.com'),
(941, 'rocketmatter.com'),
(942, '114chn.com'),
(943, 'zencleanse.net'),
(944, 'mettsrv.ru'),
(945, 'birdiebikes.co.uk'),
(946, 'haninportal.com'),
(947, 'solofemaletraveler.c'),
(948, 'delinquencyrates.com'),
(949, 'season.kz'),
(950, 'japanesewords.net'),
(951, 'apssci.org'),
(952, 'batisteandassociates'),
(953, 'dnstechpack.com'),
(954, 'adslook.net'),
(955, 'neotext.ru'),
(956, 'cleverpost.ru'),
(957, 'ironsocket.com'),
(958, 'captordetectives.com'),
(959, 'leczeniezatok.com'),
(960, 'tamfly.net'),
(961, 'drivesrvr.com'),
(962, 'featherhairextension'),
(963, 'arabmoviez.info'),
(964, 'notegear.com'),
(965, 'zaprosto-internet.ru'),
(966, 'jsalaw.com'),
(967, 'pumpkinbomb.net'),
(968, 'anhson.biz'),
(969, 'campfreedom.net'),
(970, 'materielsnautiques.f'),
(971, 'jahmetry.org'),
(972, 'patjobs.ph'),
(973, 'nengdeli.cn'),
(974, 'frwebhost.com'),
(975, 'charlevoixbooks.com'),
(976, 'centrsvm.ru'),
(977, 'pitas.com'),
(978, 'universityofinnovati'),
(979, 'newcasesfun.info'),
(980, 'aetnaacs.com'),
(981, 'meb-1.ru'),
(982, 'educatedstrength.com'),
(983, 'hypernetbali.com'),
(984, 'ceoemail.com'),
(985, 'qingjiaopidaiji.com'),
(986, 'filteredclickpage.co'),
(987, 'helgeprat.com'),
(988, 'kookej.cz'),
(989, 'seattlewolvesfc.com'),
(990, 'carloerbareagents.co'),
(991, 'ringcentral.com'),
(992, 'raptureinvenice.com'),
(993, 'ashmax.com'),
(994, 'beykozshipping.com'),
(995, 'confrerieduthe.org'),
(996, 'seratnews.ir'),
(997, 'dailycal.org'),
(998, 'asiaticsocietycal.co'),
(999, 'kjnenterprises.com'),
(1000, 'certilience.com'),
(1001, 'mobogenieunion.com'),
(1002, 'werkenbijdeltalloydg'),
(1003, 'joannamarple.com'),
(1004, 'tci-artist.com'),
(1005, '7859.com'),
(1006, 'hardcast.de'),
(1007, 'matbaailan.com'),
(1008, 'patriotsgab.com'),
(1009, 'matthey.com'),
(1010, 'review-usa.org'),
(1011, 'people-are-thought.i'),
(1012, 'vk.com'),
(1013, 'artedelloyogurt.it'),
(1014, 'andorinhabr.com'),
(1015, 'klpqmfu.com'),
(1016, 'zxforums.com'),
(1017, 'uniweb.it'),
(1018, 'ascfr.com'),
(1019, 'paradiseclubmykonos.'),
(1020, 'theattainablegourmet'),
(1021, 'lbdl.cn'),
(1022, '0575360.com'),
(1023, 'fauzanalfi.com'),
(1024, 'galix-gbi.com'),
(1025, '71688.com'),
(1026, 'foodiemarjan.nl'),
(1027, 'fine-technology.co.k'),
(1028, 'mukune.com'),
(1029, 'ivanpozo.tk'),
(1030, 'raille.net'),
(1031, 'almosthumangames.com'),
(1032, 'drunkandhungry.com'),
(1033, 'raffaelepizzari.com'),
(1034, 'facturagem.com'),
(1035, 'kinbycongtri.com'),
(1036, 'classicsunlocked.net'),
(1037, 'eonetwork.org'),
(1038, 'morganjoyce.com'),
(1039, 'stefan-betz.net'),
(1040, 'oda-g-zh.ch'),
(1041, 'nybh.co.kr'),
(1042, 'rz168.com'),
(1043, 'bestjoomlamodules.co'),
(1044, 'allpoetry-classic.co'),
(1045, 'nucleogamers.com'),
(1046, 'fezamutfak.com'),
(1047, 'louisarepublicans.co'),
(1048, 'viajarbajoprecio.com'),
(1049, 'tinchieu.com'),
(1050, 'vk.me'),
(1051, 'adamalex.com'),
(1052, 're-sports-ful.com'),
(1053, 'flightsite.co.ke'),
(1054, 'zengfeiwan.com'),
(1055, 'bible-knowledge.com'),
(1056, 'arcticrefrigeration.'),
(1057, 'ea.com'),
(1058, 'mygui.info'),
(1059, 'uptowncrew.com'),
(1060, 'ziapncv.com'),
(1061, 'rkbaker.net'),
(1062, 'karl-ess.com'),
(1063, 'jet-sms.com'),
(1064, 'wallpicsize.com'),
(1065, 'usfxvirtual.net'),
(1066, 'mcpihome.com'),
(1067, 'colo.su'),
(1068, 'wods.ca'),
(1069, 'xg911.net'),
(1070, 'packtpub.com'),
(1071, 'pulimentosfom.com'),
(1072, 'c0.pl'),
(1073, 'ahoodie.com'),
(1074, 'getaverse.com'),
(1075, 'marinina.ru'),
(1076, '9le8.net'),
(1077, 'usatodaysports.com'),
(1078, 'rosa-spina.com'),
(1079, 'secreader.com'),
(1080, 'kuryakyn.com'),
(1081, 'fusepump.com'),
(1082, 'cinemabreve.org'),
(1083, 'fyttgf56.com'),
(1084, 'housedonations.org'),
(1085, 'sovtop.ru'),
(1086, 'przedszkoleprzyparku'),
(1087, 'melliroo.com'),
(1088, 'pojo.biz'),
(1089, 'librosyliteratura.es'),
(1090, 'coco-amor.com'),
(1091, 'graphichive.net'),
(1092, 'notreafrik.com'),
(1093, 'quelchenonsapevi.it'),
(1094, 'primion.ch'),
(1095, 'tranzitplus.ru'),
(1096, 'bikesportnews.com'),
(1097, 'dictate.co.uk'),
(1098, 'simple-health-report'),
(1099, 'audiovie.org'),
(1100, 'kaboair.com'),
(1101, 'allianceoneinternati'),
(1102, 'dywqxh.com'),
(1103, 'es.net'),
(1104, 'hdvidporn.com'),
(1105, 'anthonypl.com'),
(1106, 'pechoratoday.ru'),
(1107, 'trompeloeil.co.uk'),
(1108, 'nrj.se'),
(1109, 'somode.com'),
(1110, 'semgenopole.com'),
(1111, 'protoplan.de'),
(1112, 'immo.com'),
(1113, 'canariaschat.com'),
(1114, 'masterz.ru'),
(1115, 'isgeek.eu'),
(1116, 'ceros.com'),
(1117, 'vk.me'),
(1118, 'bravo.pl'),
(1119, 'lauren-crace.com'),
(1120, 'salon-litteraire.com'),
(1121, 'gofundme.com'),
(1122, 'megafina.in'),
(1123, 'fcatletisme.cat'),
(1124, 'bencatcentercity.com'),
(1125, 'blockcount.com'),
(1126, 'wplk1.com'),
(1127, 'eurolines.de'),
(1128, 'phenforum.com'),
(1129, 'atera.com'),
(1130, 'soma.com'),
(1131, 'coty.com'),
(1132, 'olivemystery.co.za'),
(1133, 'wankerson.com'),
(1134, 'zhcsm.cn'),
(1135, 'alltls.com'),
(1136, 'greattraveldestinati'),
(1137, 'winchfieldactiongrou'),
(1138, 'pltu.net'),
(1139, 'magbox.co.uk'),
(1140, 'listforge.net'),
(1141, 'romansen.se'),
(1142, 'mf-volley.ru'),
(1143, 'biggestenergysaver.c'),
(1144, 'solcredito.es'),
(1145, 'healthycaledonia.ca'),
(1146, 'airpush.com'),
(1147, 'el-ahly.com'),
(1148, 'westsystems.com'),
(1149, 'tucsonenforcers.com'),
(1150, 'bretbosma.com'),
(1151, 'dunk360.com'),
(1152, 'miasto-szczecin.pl'),
(1153, 'poeton.cz'),
(1154, 'charpente-menuiserie'),
(1155, 'freewptube.com'),
(1156, 'tattoolove.org'),
(1157, 'evangelici.net'),
(1158, 'vk.me'),
(1159, 'drpataki.hu'),
(1160, 'royalgypsumbd.com'),
(1161, 'celibataire.ch'),
(1162, 'xedgex.de'),
(1163, 'k-dsl.de'),
(1164, 'eventsolesnica.pl'),
(1165, 'centauruz.com'),
(1166, 'alsurinforma.com'),
(1167, 'youtubealnaharda.com'),
(1168, 'usv.ro'),
(1169, 'localartclasses.com'),
(1170, 'hnhfcmk.com'),
(1171, 'nicecloob.com'),
(1172, 'candidewatergarden.c'),
(1173, 'flyol.com'),
(1174, 'amtrustonline.com'),
(1175, 'akairan.com'),
(1176, 'cloudsvr331.com'),
(1177, 'link-to-results.com'),
(1178, 'vergegirl.com'),
(1179, 'comtechsys.co.kr'),
(1180, 'nonalikenes.com'),
(1181, 'spartadritte.de'),
(1182, 'jetgirl.net'),
(1183, 'choice-loans.co.uk'),
(1184, 'princesshairshop.com'),
(1185, 'abrilruiz.es'),
(1186, 'onlinesiege.com'),
(1187, 'itsforyoutravels.com'),
(1188, 'allo-audience.fr'),
(1189, 'blivenvinder.dk'),
(1190, 'studioplaneta.org'),
(1191, 'morningbrightweb.com'),
(1192, 'benthanhtourist.com'),
(1193, 'artistcat.ru'),
(1194, 'goldentulipdaressala'),
(1195, 'gotoasia.com'),
(1196, 'westrenen.nl'),
(1197, 'mkt2852.com'),
(1198, 'icomos.org'),
(1199, 'iobis.org'),
(1200, 'babydollsnap.com'),
(1201, '20sec.de'),
(1202, 'ilmailu.org'),
(1203, 'downloadguitarprotab'),
(1204, 'friendfeed.com'),
(1205, 'akquinet.de'),
(1206, 'mayabaumel.com'),
(1207, 'themeethappy.com'),
(1208, 'the-chaser.com'),
(1209, 'homee.me'),
(1210, 'harrysbigsisters.com'),
(1211, 'aysemakvaryum.com'),
(1212, 'beachbyteshope.com'),
(1213, 'fivedegreesofchaos.c'),
(1214, 'mikonmark.com'),
(1215, 'archmetalroof.com'),
(1216, 'acuitynv.com'),
(1217, 'nanren8.org'),
(1218, 'fatshark.se'),
(1219, 'sublogik.com'),
(1220, 'martha-stewart-livin'),
(1221, 'icpia.com'),
(1222, 'angannepal.com'),
(1223, 'inthegapwithcoachjai'),
(1224, 'hongkongmandarintuto'),
(1225, 'popblogs.ru'),
(1226, 'bmw-parts.ru'),
(1227, 'jewthinker.com'),
(1228, 'sp-mash.ru'),
(1229, 'kammuri.com'),
(1230, 'konaone.com'),
(1231, 'vk.me'),
(1232, 'adada-kabbani.com'),
(1233, 'lawofforgiveness.net'),
(1234, 'vk.me'),
(1235, 'legallab.am'),
(1236, 'rockitv.com'),
(1237, 'a-lash-above.com'),
(1238, 'keatingsearch.com'),
(1239, 'hocmn.org'),
(1240, 'motoremont.ru'),
(1241, 'nightwolf42.de'),
(1242, 'bancocooperativo.es'),
(1243, 'vk.me'),
(1244, 'terfit.ru'),
(1245, 'railnews.co.uk'),
(1246, 'pestmanagementinc.co'),
(1247, 'wallpapersct.com'),
(1248, 'medivaninc.com'),
(1249, 'newstr.ru'),
(1250, 'gonewiththetwins.com'),
(1251, 'p11a.com'),
(1252, 'licensing4profits.co'),
(1253, 'asppur.com'),
(1254, 'oestmann.com'),
(1255, 'digitalevidenceexper'),
(1256, 'capablehands.ru'),
(1257, 'indieroyale.com'),
(1258, 'elyxis.com'),
(1259, 'sampablokuper.com'),
(1260, 'contentremarketing.c'),
(1261, 'quickmediator.nl'),
(1262, 'fonflatter.de'),
(1263, 'boardwalkmacaroons.c'),
(1264, 'habbabi.com'),
(1265, 'moto-choice.com'),
(1266, 'snp.com'),
(1267, 'vava.vn'),
(1268, 'carepc.co.kr'),
(1269, 'astrolevent.com'),
(1270, 'ddisoftware.com'),
(1271, 'arkadiumhosted.com'),
(1272, 'starto.com'),
(1273, 'mybb-tema.com'),
(1274, 'nicksivo.com'),
(1275, 'du.ac'),
(1276, 'winknet.ne.jp'),
(1277, 'billhurst.com'),
(1278, 'dmg-dental.com'),
(1279, 'skyne.pl'),
(1280, 'nlink.ir'),
(1281, 'myfree-proxy85.tk'),
(1282, 'gumgum.com'),
(1283, 'sieumuachung.vn'),
(1284, 'rvbd.ly'),
(1285, 'dekalb.net'),
(1286, 'newstrackindia.com'),
(1287, 'provencredible.com'),
(1288, 'avis-billing.com'),
(1289, 'binaryoptionlive.com'),
(1290, 'travelsichuanguide.c'),
(1291, 'javfull.com'),
(1292, 'marriagetipsadvice.c'),
(1293, 'probit.cz'),
(1294, 'x-markets-db.com'),
(1295, 'criticalstages.org'),
(1296, 'mshopcompare.com'),
(1297, 'salonbuzz.com'),
(1298, 'settoreblu.it'),
(1299, 'sans.org'),
(1300, 'mail.mn'),
(1301, 'hersheydentist.com'),
(1302, 'e-888.com'),
(1303, 'akalci.com'),
(1304, 'netak.ir'),
(1305, 'landoctors.com'),
(1306, 'znanyszklarz.pl'),
(1307, 'appyo.de'),
(1308, 'altabatessummit.org'),
(1309, 'selfstoragetraininga'),
(1310, 'phelps4president.us'),
(1311, 'arscript.de'),
(1312, 'alfisti.hr'),
(1313, 'arteproducoes.com'),
(1314, 'consumaxfoundation.c'),
(1315, 'mobvista.com'),
(1316, 'buntsanghablr.com'),
(1317, 'shaghayegh.me'),
(1318, 'bjoil.com'),
(1319, 'yugoal.com'),
(1320, 'shodair.org'),
(1321, 'magicteachescoresubj'),
(1322, 'hillviewmethodist.or'),
(1323, 'grandcanyongrandhote'),
(1324, 'sikgaekusa.com'),
(1325, 'fotografbilgimerkezi'),
(1326, 'daten.nl'),
(1327, '1gh.com'),
(1328, 'litke.org'),
(1329, 'shrimp-tank.com'),
(1330, 'neutralmasnland.com'),
(1331, 'pretoriachineseschoo'),
(1332, 'bigdug.co.uk'),
(1333, 'uedbox.com'),
(1334, 'nueca.net'),
(1335, 'varenmethandicap.nl'),
(1336, 'traceyland.com'),
(1337, 'zakine-cerf.com'),
(1338, 'eagle-points.com'),
(1339, 'schulefaellanden.ch'),
(1340, 'hdxen.com'),
(1341, 'valdo.com'),
(1342, 'lavka.pp.ua'),
(1343, 'heroeswithlove.com'),
(1344, 'vk.me'),
(1345, 'ieee-lac.org'),
(1346, 'exceedinglory.org'),
(1347, 'epictdesign.co.uk'),
(1348, 'modulonet.fr'),
(1349, 'vk.me'),
(1350, 'phoenix-music.ru'),
(1351, 'pnsps.com'),
(1352, 'nataliedee.com'),
(1353, 'vikjavev.no'),
(1354, 'glaston.net'),
(1355, 'gajowski.de'),
(1356, 'coopertino.org'),
(1357, 'garzantilinguistica.'),
(1358, 'fixdown.com'),
(1359, 'ku.edu'),
(1360, 'buttonstreetsmokehou'),
(1361, 'penostroy.ru'),
(1362, 'fashioneedsme.fr'),
(1363, 'motiie.com'),
(1364, 'stgilesmobile.com'),
(1365, 'diagnostic-experts.f'),
(1366, 'lesliestar.ca'),
(1367, '6271818.com'),
(1368, 'transporterverleih-s'),
(1369, 'rb.cz'),
(1370, 'ichigo-house.net'),
(1371, 'kaashtv.com'),
(1372, 'econsumeraffairs.com'),
(1373, 'nioc.ir'),
(1374, 'biw-ag.de'),
(1375, 'djroger.co.uk'),
(1376, 'believeingod.co'),
(1377, 'sale59.ru'),
(1378, 'vbm.fr'),
(1379, 'foliendesigner.de'),
(1380, 'ax11516.info'),
(1381, 'sanomalehdet.fi'),
(1382, 'raelsalley.com'),
(1383, '52jxwz.com'),
(1384, 'raymondasia.com'),
(1385, 'heutaler-hof.at'),
(1386, 'norfolkdevelopment.c'),
(1387, 'netbiter.net'),
(1388, 'alpinelinux.org'),
(1389, 'de-bodega.nl'),
(1390, 'melonaa.com'),
(1391, 'affiliates-network.c'),
(1392, 'moynihanlyons.com'),
(1393, 'rawvidz.com'),
(1394, 'nap-timecreations.co'),
(1395, 'clerouxdesign.ca'),
(1396, 'urljet.com'),
(1397, 'subaru-global.com'),
(1398, 'tfcdn.com'),
(1399, 'springbuy.com'),
(1400, 'rajdio.amanto.be'),
(1401, '407etr-abuseofpower.'),
(1402, 'fruitiondreams.com'),
(1403, 'mfactory.fr'),
(1404, 'shishioh.info'),
(1405, 'farhanfirdaus.net'),
(1406, 'studio-corvo.com'),
(1407, 'honey-ug.ru'),
(1408, 'donovalskazs.cz'),
(1409, 'vk.me'),
(1410, 'zenesbiotech.com'),
(1411, 'centrocity.com'),
(1412, 'erambler.co.uk'),
(1413, 'southwestarkansascla'),
(1414, 'classwatch.co.uk'),
(1415, 'makeupbygeorgia.com'),
(1416, 'zhoogle.com'),
(1417, 'scl.su'),
(1418, 'bop.fm'),
(1419, 'vk.me'),
(1420, 'shugale.com'),
(1421, 'centerlada.ru'),
(1422, 'latenitelatte.com'),
(1423, 'avero.be'),
(1424, 'healthandwellnesspro'),
(1425, 'rwfchiro.com'),
(1426, 'kingdomdrivensaints.'),
(1427, 'linuxtoy.org'),
(1428, 'vk.me'),
(1429, 'iashipping.net'),
(1430, 'todonoticias.cl'),
(1431, 'mamasek.ru'),
(1432, 'solidshellsecurity.c'),
(1433, 'strunz.com'),
(1434, 'tensportszone.com'),
(1435, 'songdofish.com'),
(1436, 'sarinews.ir'),
(1437, 'agence-apei.com'),
(1438, 'ricecube-recettes.co'),
(1439, 'camospecs.com'),
(1440, 'aquariumdomain.com'),
(1441, 'the-green-centre.com'),
(1442, 'prestigecustomhardwo'),
(1443, 'fusionsmartband.com'),
(1444, 'speedsadari.com'),
(1445, 'vk.me'),
(1446, 'guntnergroupasia.com'),
(1447, 'tidek.com'),
(1448, 'americancabinetrefin'),
(1449, 'orgcheapjerseys.com'),
(1450, 'bz-comm.de'),
(1451, 'arkona.com'),
(1452, 'megavideoz.eu'),
(1453, 'lichdep.com'),
(1454, 'junshiganbing.com'),
(1455, 'inmins.co.za'),
(1456, 'tecsonsl.com'),
(1457, 'cet-vtu.com'),
(1458, '140plus.com'),
(1459, 'anticellulitecreamsr'),
(1460, 'gapnor.pt'),
(1461, 'brinno.com'),
(1462, 'lansstyrelsen.se'),
(1463, 'utsire.com'),
(1464, 'igihe.bi'),
(1465, 'tilburyrentals.ca'),
(1466, 'scampatrol.org'),
(1467, 'highcoding.com'),
(1468, 'ctsp.co.za'),
(1469, 'rewardsaffiliates.co'),
(1470, 'searchfunny.com');

-- --------------------------------------------------------

--
-- Table structure for table `user`
--

CREATE TABLE `user` (
  `userId` int(11) NOT NULL,
  `name` varchar(20) DEFAULT NULL,
  `email` varchar(20) DEFAULT NULL,
  `contactNo` bigint(20) DEFAULT NULL
) ENGINE=InnoDB DEFAULT CHARSET=utf8;

--
-- Dumping data for table `user`
--

INSERT INTO `user` (`userId`, `name`, `email`, `contactNo`) VALUES
(1, 'Tejal Singh', 'tejal567@gmail.com', 8006667279),
(2, 'Tarun Kumar', 'tarunk10@hotmail.com', 7060334208),
(3, 'Vaibhav Gosain', 'gosain@gmail.com', 8452657821),
(4, 'Amit Saharan', 'saharan@gmail.com', 8752135465),
(5, 'Abhishek Jaisingh', 'jai@uahoo.com', 8765153815),
(6, 'Ambar', 'bar@hello.com', 4114563258),
(7, 'Meet Vora', 'voraha@yeraha.com', 8712136987),
(8, 'Sharan Lobana', 'shobana@gmial.com', 8741236587),
(9, 'Deepanshu Singhal', 'juari@hotmail.com', 8963146545),
(10, 'Fake ID', 'fake@ghldf.ocm', 1351314741);

-- --------------------------------------------------------

--
-- Table structure for table `user_goDaddySite`
--

CREATE TABLE `user_goDaddySite` (
  `userId` int(11) DEFAULT NULL,
  `goDaddySiteId` int(11) NOT NULL,
  `dueDate` date DEFAULT NULL,
  `paymentPeriod` int(11) DEFAULT NULL,
  `paymentAmount` double DEFAULT NULL,
  `expiryDate` date DEFAULT NULL
) ENGINE=InnoDB DEFAULT CHARSET=utf8;

--
-- Dumping data for table `user_goDaddySite`
--

INSERT INTO `user_goDaddySite` (`userId`, `goDaddySiteId`, `dueDate`, `paymentPeriod`, `paymentAmount`, `expiryDate`) VALUES
(9, 105, '2017-09-02', 60, 12000, '2028-02-12'),
(8, 108, '2017-08-02', 30, 12000, '2027-02-12'),
(10, 109, '2017-10-02', 30, 12000, '2029-02-12'),
(1, 300, '2017-01-02', 30, 12000, '2020-02-12'),
(5, 303, '2017-05-02', 30, 12000, '2024-02-12'),
(3, 306, '2017-03-02', 30, 12000, '2022-02-12'),
(6, 309, '2017-06-02', 90, 12000, '2025-02-12'),
(2, 502, '2017-02-02', 30, 12000, '2021-02-12'),
(4, 510, '2017-04-02', 30, 13000, '2023-02-12'),
(7, 708, '2017-07-02', 30, 1200000, '2026-02-12'),
(1, 1400, '2016-12-22', 60, 56, '2018-04-19');

-- --------------------------------------------------------

--
-- Table structure for table `user_hostedSite`
--

CREATE TABLE `user_hostedSite` (
  `userId` int(11) NOT NULL,
  `hostServerIPAddress` varchar(20) NOT NULL,
  `storageSpace` int(11) DEFAULT NULL,
  `dueDate` date DEFAULT NULL,
  `paymentPeriod` int(11) DEFAULT NULL,
  `paymentAmount` double DEFAULT NULL,
  `expiryDate` date DEFAULT NULL
) ENGINE=InnoDB DEFAULT CHARSET=utf8;

--
-- Dumping data for table `user_hostedSite`
--

INSERT INTO `user_hostedSite` (`userId`, `hostServerIPAddress`, `storageSpace`, `dueDate`, `paymentPeriod`, `paymentAmount`, `expiryDate`) VALUES
(1, '172.30.20.70', 10, '2017-01-02', 30, 12000, '2020-02-12'),
(2, '172.30.20.71', 10, '2017-02-02', 30, 12000, '2021-02-12'),
(3, '172.30.20.72', 10, '2017-03-02', 180, 12000, '2022-02-12'),
(4, '172.30.20.73', 10, '2017-04-02', 120, 13000, '2023-02-12'),
(5, '172.30.20.74', 10, '2017-05-02', 30, 12000, '2024-02-12'),
(6, '172.30.20.75', 10, '2017-06-02', 90, 12000, '2025-02-12'),
(7, '172.30.20.76', 10, '2017-07-02', 30, 1200000, '2026-02-12'),
(8, '172.30.20.77', 10, '2017-08-02', 30, 12000, '2027-02-12'),
(9, '172.30.20.78', 10, '2017-09-02', 60, 17000, '2028-02-12'),
(10, '172.30.20.79', 10, '2017-10-02', 30, 14000, '2029-02-12');

--
-- Indexes for dumped tables
--

--
-- Indexes for table `goDaddySite_record`
--
ALTER TABLE `goDaddySite_record`
  ADD PRIMARY KEY (`recordId`),
  ADD KEY `goDaddySite_record_fk0` (`goDaddySiteId`);

--
-- Indexes for table `recordType_info`
--
ALTER TABLE `recordType_info`
  ADD PRIMARY KEY (`recordTypeId`);

--
-- Indexes for table `record_value`
--
ALTER TABLE `record_value`
  ADD PRIMARY KEY (`recordId`,`recordValue`);

--
-- Indexes for table `site`
--
ALTER TABLE `site`
  ADD PRIMARY KEY (`siteId`);

--
-- Indexes for table `user`
--
ALTER TABLE `user`
  ADD PRIMARY KEY (`userId`);

--
-- Indexes for table `user_goDaddySite`
--
ALTER TABLE `user_goDaddySite`
  ADD PRIMARY KEY (`goDaddySiteId`),
  ADD KEY `user_goDaddySite_fk0` (`userId`);

--
-- Indexes for table `user_hostedSite`
--
ALTER TABLE `user_hostedSite`
  ADD PRIMARY KEY (`userId`,`hostServerIPAddress`);

--
-- Constraints for dumped tables
--

--
-- Constraints for table `goDaddySite_record`
--
ALTER TABLE `goDaddySite_record`
  ADD CONSTRAINT `goDaddySite_record_fk0` FOREIGN KEY (`goDaddySiteId`) REFERENCES `site` (`siteId`),
  ADD CONSTRAINT `goDaddySite_record_fk1` FOREIGN KEY (`recordId`) REFERENCES `record_value` (`recordId`);

--
-- Constraints for table `user_goDaddySite`
--
ALTER TABLE `user_goDaddySite`
  ADD CONSTRAINT `user_goDaddySite_fk0` FOREIGN KEY (`userId`) REFERENCES `user` (`userId`),
  ADD CONSTRAINT `user_goDaddySite_fk1` FOREIGN KEY (`goDaddySiteId`) REFERENCES `site` (`siteId`);

--
-- Constraints for table `user_hostedSite`
--
ALTER TABLE `user_hostedSite`
  ADD CONSTRAINT `user_hostedSite_fk0` FOREIGN KEY (`userId`) REFERENCES `user` (`userId`);

/*!40101 SET CHARACTER_SET_CLIENT=@OLD_CHARACTER_SET_CLIENT */;
/*!40101 SET CHARACTER_SET_RESULTS=@OLD_CHARACTER_SET_RESULTS */;
/*!40101 SET COLLATION_CONNECTION=@OLD_COLLATION_CONNECTION */;
